project_id,project_title
"3c0cc2d2-0691-48f4-8749-e97c6dea5a05","HyperChrono"
"01e52daa-5307-4742-8c4b-068927c7368f","Spec sheet builder"
"f27e7924-25db-46c8-ba46-6ce7c7b899c1","Bedtime story prompter"
"f75a4c92-3a69-4288-af0a-19688c6bcc51","Write that book already!"
"488a20a6-cc2a-47ad-85c9-3891310d470c","Little Moments"
"7be5c30f-4bf7-436f-abcd-2fe2f73919f4","The Pauly Shore-enizer"
"4005dc66-1621-4247-b452-93285bdc8227","Elf on the Shelf: Augmented Reality Edition"
"9b7e594e-dddd-4595-8a3a-474d1c0692bc","Video Call with Santa"
"387912bd-8861-4ab4-a589-13362033e776","Vibely"
"e8e8ff15-05cc-4679-9a73-4c07bdbfd6b1","Slingshot PTO Tracker"
"d78f76c6-e50b-4bf1-be94-94b1aaabb4ec","Getting Political"
"37d2f3ef-da7f-46c2-a703-15a593eda5b9","Read with me!"
"6e375fe6-d4a5-4a8b-93f4-42bb53ffd89f","Flow State Metrics"
"87802431-04be-4d36-9e06-ef5db82afc3c","Soft Exposure"
